2582463,189159,2021-06-23 13:54:10.269909
2582450,186986,2021-06-23 13:55:13.989810
2582437,189160,2021-06-23 13:56:17.765566
2582379,189302,2021-06-23 13:57:21.472127
2582402,189300,2021-06-23 13:58:25.341117
2581587,189300,2021-06-23 13:59:29.065062
2581603,186984,2021-06-23 14:00:33.032159
2581509,189157,2021-06-23 14:01:36.653199
2582324,186980,2021-06-23 14:02:40.408846
2582316,186983,2021-06-23 14:03:44.136778
2581441,189155,2021-06-23 14:04:47.940520
2581509,186982,2021-06-23 14:05:51.529242
2582351,189297,2021-06-23 14:06:55.197351
2581502,189154,2021-06-23 14:07:58.819284
2582316,189155,2021-06-23 14:09:02.809050
2581502,189154,2021-06-23 14:10:06.573047
2582363,189297,2021-06-23 14:11:18.253805
2582365,189300,2021-06-23 14:12:22.030327
2582378,186984,2021-06-23 14:13:25.894598
2582389,189300,2021-06-23 14:14:29.658901
2582322,186985,2021-06-23 14:15:33.371817
2581493,186983,2021-06-23 14:16:36.963879
2581383,189156,2021-06-23 14:17:40.782813
2581404,189154,2021-06-23 14:18:44.761424
2582272,186981,2021-06-23 14:19:48.503612
2582324,189153,2021-06-23 14:20:52.418919
2582356,186981,2021-06-23 14:21:56.009046
2582308,186979,2021-06-23 14:22:59.783497
2582305,189153,2021-06-23 14:24:03.492075
2582342,186983,2021-06-23 14:25:07.810584
2582352,189299,2021-06-23 14:26:11.565467
2582412,186986,2021-06-23 14:27:15.249587
2582421,189302,2021-06-23 14:28:19.243806
2581598,189158,2021-06-23 14:29:22.980392
2582417,189301,2021-06-23 14:30:26.689010
2582405,186985,2021-06-23 14:31:31.717397
2582402,186985,2021-06-23 14:32:35.773090
2582405,186988,2021-06-23 14:33:39.432453
2582379,186987,2021-06-23 14:34:43.495971
2581532,189159,2021-06-23 14:35:47.161472
2582325,186983,2021-06-23 14:36:50.791579
2582339,189154,2021-06-23 14:37:54.645335
2582352,189154,2021-06-23 14:38:58.644728
2581582,189152,2021-06-23 14:40:02.587867
2582379,189153,2021-06-23 14:41:06.335040
2582379,189153,2021-06-23 14:42:10.218378
2581550,186979,2021-06-23 14:43:13.919538
2582364,189154,2021-06-23 14:44:17.768798
2582353,186979,2021-06-23 14:45:21.316436
2582330,186977,2021-06-23 14:46:25.253214
2581524,186976,2021-06-23 14:47:28.740001
2581379,186976,2021-06-23 15:12:41.528227
2581528,189148,2021-06-23 15:13:46.002155
2582339,186974,2021-06-23 15:14:50.012275
2581466,189149,2021-06-23 15:15:53.680200
2582285,189291,2021-06-23 15:16:57.256200
2582308,189148,2021-06-23 15:18:01.895506
2582329,189147,2021-06-23 15:19:05.607471
2582350,189286,2021-06-23 15:20:09.527616
2582312,189289,2021-06-23 15:21:13.314796
2581502,189145,2021-06-23 15:22:16.930775
2582370,189148,2021-06-23 15:23:20.545098
2581662,189287,2021-06-23 15:24:24.626108
2582566,186969,2021-06-23 15:25:28.471100
2582594,189286,2021-06-23 15:26:32.335070
2581829,189142,2021-06-23 15:27:36.318706
2582656,189286,2021-06-23 15:28:40.314794
2582667,189146,2021-06-23 15:29:44.319152
2582663,189290,2021-06-23 15:30:48.454610
2581865,186972,2021-06-23 15:31:52.668837
2582702,189290,2021-06-23 15:32:56.576223
2582764,186971,2021-06-23 15:34:01.324890
2582775,189146,2021-06-23 15:35:05.220840
2582798,186969,2021-06-23 15:36:10.084022
2582005,186970,2021-06-23 15:37:14.037468
2582899,186969,2021-06-23 15:38:17.785004
2582934,189287,2021-06-23 15:39:21.523665
2582936,186968,2021-06-23 15:40:25.468425
2582124,186969,2021-06-23 15:41:29.110014
2582980,189286,2021-06-23 15:42:33.049981
2583030,189286,2021-06-23 15:43:37.446559
2583081,189143,2021-06-23 15:44:41.375384
2583136,186970,2021-06-23 15:45:47.247582
2583181,189288,2021-06-23 15:46:51.021733
2583190,189289,2021-06-23 15:47:54.761512
2583238,189289,2021-06-23 15:48:58.810617
2582447,189146,2021-06-23 15:50:02.828118
2583268,189290,2021-06-23 15:51:06.680708
2582452,189147,2021-06-23 15:52:10.403364
2583282,189146,2021-06-23 15:53:14.286660
2582482,189289,2021-06-23 15:54:18.005928
2583264,189289,2021-06-23 15:55:21.725941
2583259,189146,2021-06-23 15:56:25.669173
2583267,186968,2021-06-23 15:57:29.164361
2583301,189285,2021-06-23 15:58:32.895303
2583327,189145,2021-06-23 15:59:36.842084
2583329,186969,2021-06-23 16:00:40.590428
2583346,186964,2021-06-23 16:01:44.349928
2582565,189142,2021-06-23 16:02:48.268192
2583335,189141,2021-06-23 16:03:52.113754
2583377,186966,2021-06-23 16:04:55.807685
2582599,189144,2021-06-23 16:05:59.586543
2583450,189287,2021-06-23 16:07:03.269410
2583527,186968,2021-06-23 16:08:21.547409
2582697,189289,2021-06-23 16:09:25.270159
2583506,186965,2021-06-23 16:10:29.122719
2582703,189145,2021-06-23 16:11:33.038131
2583533,189286,2021-06-23 16:12:36.904964
2582730,189143,2021-06-23 16:13:40.758247
2583568,186963,2021-06-23 16:14:44.391419
2582783,189287,2021-06-23 16:15:48.265291
2582781,186964,2021-06-23 16:16:52.030478
2582790,186967,2021-06-23 16:17:55.788083
2583594,186967,2021-06-23 16:18:59.472356
2583580,189287,2021-06-23 16:20:03.468473
2582785,189286,2021-06-23 16:21:07.383552
2583610,186966,2021-06-23 16:22:12.417842
2583667,189287,2021-06-23 16:23:16.264516
2582881,186971,2021-06-23 16:24:20.189778
2583706,186970,2021-06-23 16:25:24.149269
2583723,189290,2021-06-23 16:26:28.056370
2583746,189149,2021-06-23 16:27:31.819797
2582932,189146,2021-06-23 16:28:36.168625
2583748,189288,2021-06-23 16:29:40.410660
2583739,186968,2021-06-23 16:30:44.653858
2583724,189145,2021-06-23 16:31:48.940411
2583750,189143,2021-06-23 16:32:53.150025
2582927,186967,2021-06-23 16:33:57.155927
2582926,189143,2021-06-23 16:35:01.517415
2583720,186967,2021-06-23 16:36:05.629435
2583723,189142,2021-06-23 16:37:10.086621
2583725,189146,2021-06-23 16:38:14.441733
2583751,189285,2021-06-23 16:39:18.885256
2582921,186963,2021-06-23 16:40:23.175520
2583736,189143,2021-06-23 16:41:27.594886
2582906,189143,2021-06-23 16:42:31.997613
2583725,189143,2021-06-23 16:43:36.531942
2582900,186964,2021-06-23 16:44:40.578783
2582891,189146,2021-06-23 16:45:44.413581
2582886,189145,2021-06-23 16:46:48.203529
2582915,186962,2021-06-23 16:47:51.974146
2583738,189284,2021-06-23 16:48:55.942083
2583713,189283,2021-06-23 16:49:59.590745
2583763,189141,2021-06-23 16:51:03.466263
2583751,186960,2021-06-23 16:52:07.173938
2583777,186960,2021-06-23 16:53:10.857160
2583828,189284,2021-06-23 16:54:14.520749
2583850,189283,2021-06-23 16:55:18.333783
2583054,186959,2021-06-23 16:56:21.980444
2583855,189138,2021-06-23 16:57:25.822335
2583877,189137,2021-06-23 16:58:29.699783
2583882,189138,2021-06-23 16:59:33.712504
2583867,189280,2021-06-23 17:00:37.679620
2583065,186958,2021-06-23 17:01:41.586330
2583068,189138,2021-06-23 17:02:45.434320
2583792,189283,2021-06-23 17:03:49.326361
2583820,189138,2021-06-23 17:04:53.430363
2583856,189139,2021-06-23 17:05:57.672164
2583899,189284,2021-06-23 17:07:01.329689
2583969,189140,2021-06-23 17:08:05.026059
2583977,186960,2021-06-23 17:09:08.906711
2583163,189280,2021-06-23 17:10:12.626494
2583999,189279,2021-06-23 17:11:16.483805
2583174,189138,2021-06-23 17:12:20.139820
2583168,189136,2021-06-23 17:13:23.789310
2583953,186953,2021-06-23 17:14:27.924427
2583872,189278,2021-06-23 17:15:31.534693
2583026,189134,2021-06-23 17:16:36.828594
2583022,186953,2021-06-23 17:17:40.544943
2583045,189281,2021-06-23 17:18:44.229777
2583825,189132,2021-06-23 17:19:47.955620
2583050,189138,2021-06-23 17:20:51.583703
2583849,189279,2021-06-23 17:21:55.141300
2583074,186956,2021-06-23 17:23:00.820098
2583101,189280,2021-06-23 17:24:04.816105
2583114,189137,2021-06-23 17:25:08.427639
2583910,189135,2021-06-23 17:26:12.130334
2583075,189132,2021-06-23 17:27:15.847779
2583832,189276,2021-06-23 17:28:19.524985
2583772,189136,2021-06-23 17:29:23.275407
2582961,189276,2021-06-23 17:30:26.830531
2583525,189135,2021-06-23 17:31:30.381445
2582743,189140,2021-06-23 17:32:33.793825
2583608,186964,2021-06-23 17:33:37.276532
2583579,189287,2021-06-23 17:34:40.841982
2582762,189144,2021-06-23 17:35:44.474192
2583512,186967,2021-06-23 17:36:48.095668
2582709,186965,2021-06-23 17:37:51.625499
2583411,189147,2021-06-23 17:38:55.387803
2583469,189290,2021-06-23 17:39:59.208569
2583490,189149,2021-06-23 17:41:02.999394
2582746,189290,2021-06-23 17:42:06.680641
2583477,189146,2021-06-23 17:43:11.321760
2582663,186965,2021-06-23 17:44:15.184691
2582688,186967,2021-06-23 17:45:19.171440
2583482,186966,2021-06-23 17:46:22.911819
2583394,189148,2021-06-23 17:47:26.483705
2583365,189146,2021-06-23 17:48:30.139963
2582564,189288,2021-06-23 17:49:33.980369
2583421,189146,2021-06-23 17:50:37.529925
2582632,189289,2021-06-23 17:51:41.094773
2583391,189288,2021-06-23 17:52:44.895940
2583408,186963,2021-06-23 17:53:48.679497
2582626,189142,2021-06-23 17:54:52.422423
2582626,189142,2021-06-23 17:55:56.872148
2582719,186965,2021-06-23 17:57:01.075333
2582737,189285,2021-06-23 17:58:05.671402
2582785,189284,2021-06-23 17:59:09.947178
2583625,186960,2021-06-23 18:00:14.370890
2583630,189281,2021-06-23 18:01:18.496035
2582824,189139,2021-06-23 18:02:22.740695
2583691,189137,2021-06-23 18:03:27.115454
2583808,189282,2021-06-23 18:04:31.527920
2583830,186959,2021-06-23 18:05:35.394747
2583971,186960,2021-06-23 18:06:39.738403
2583159,186957,2021-06-23 18:07:43.739065
2584005,189278,2021-06-23 18:08:48.102380
2584038,186959,2021-06-23 18:09:52.136843
2584050,189279,2021-06-23 18:10:56.374980
2584108,189137,2021-06-23 18:12:01.094555
2584138,189279,2021-06-23 18:13:04.905012
2584185,189138,2021-06-23 18:14:09.074270
2584253,189280,2021-06-23 18:15:13.112446
2584248,186957,2021-06-23 18:16:17.269674
2584268,189280,2021-06-23 18:17:21.242100
2583477,189141,2021-06-23 18:18:25.895409
2584262,186958,2021-06-23 18:19:30.192707
2583470,189283,2021-06-23 18:20:34.459028
2583493,186963,2021-06-23 18:21:38.597202
2584325,189285,2021-06-23 18:22:42.740511
2584349,186959,2021-06-23 18:23:46.931813
2583558,186962,2021-06-23 18:24:51.092655
2584378,186959,2021-06-23 18:25:55.605177
2584387,189140,2021-06-23 18:27:01.440412
2583579,189138,2021-06-23 18:28:05.397501
2584361,186957,2021-06-23 18:29:09.825101
2584395,186960,2021-06-23 18:30:14.218162
2584485,189139,2021-06-23 18:31:18.430082
2584541,189281,2021-06-23 18:32:22.997069
2584545,189141,2021-06-23 18:33:27.187393
2584565,189141,2021-06-23 18:34:31.583136
2584566,189140,2021-06-23 18:35:35.814733
2584532,186958,2021-06-23 18:36:40.501142
2583731,189139,2021-06-23 18:37:44.491760
2584515,186953,2021-06-23 18:38:48.746765
2584519,189278,2021-06-23 18:39:53.376436
2584551,189278,2021-06-23 18:40:57.603955
2584494,189138,2021-06-23 18:42:02.286359
2584483,189280,2021-06-23 18:43:06.847368
2584505,186956,2021-06-23 18:44:11.149773
2584524,189280,2021-06-23 18:45:15.192432
2584487,189132,2021-06-23 18:46:20.201880
2584447,186950,2021-06-23 18:47:24.508063
2584442,189130,2021-06-23 18:48:28.585184
2584454,189129,2021-06-23 18:49:32.993662
2584478,186947,2021-06-23 18:50:37.041464
2584513,186946,2021-06-23 18:51:40.877632
2583651,189270,2021-06-23 18:52:44.504854
2583664,189128,2021-06-23 18:53:48.313972
2584448,189271,2021-06-23 18:54:51.973906
2583721,186945,2021-06-23 18:55:55.658737
2584514,189127,2021-06-23 18:56:59.186716
2583755,189271,2021-06-23 18:58:02.859901
2583787,186947,2021-06-23 18:59:06.532317
2584577,186953,2021-06-23 19:00:10.455929
2584479,189275,2021-06-23 19:01:14.108510
2584437,189131,2021-06-23 19:02:18.003186
2584959,186950,2021-06-23 19:03:21.616507
2585080,189127,2021-06-23 19:04:25.655555
2585133,189128,2021-06-23 19:05:29.347767
2585092,186948,2021-06-23 19:06:33.115766
2585103,189128,2021-06-23 19:07:36.607098
2584266,189268,2021-06-23 19:08:42.518836
2585164,189128,2021-06-23 19:09:46.140439
2584331,189273,2021-06-23 19:10:49.836781
2585120,186947,2021-06-23 19:11:53.893200
2585202,189130,2021-06-23 19:12:57.718541
2584478,186947,2021-06-23 19:14:01.433301
2584554,189274,2021-06-23 19:15:04.960109
2585260,186949,2021-06-23 19:16:08.691261
2584519,189134,2021-06-23 19:17:12.355662
2584516,189279,2021-06-23 19:18:15.823023
2585254,189278,2021-06-23 19:19:19.584038
2584518,189277,2021-06-23 19:20:23.340203
2584532,189137,2021-06-23 19:21:27.140454
2585262,186955,2021-06-23 19:22:30.791844
2584545,189280,2021-06-23 19:23:34.256783
2585245,186956,2021-06-23 19:24:38.124663
2585249,189139,2021-06-23 19:25:41.955741
2585278,186953,2021-06-23 19:26:45.877804
2585252,189133,2021-06-23 19:27:49.502816
2585243,186949,2021-06-23 19:28:53.153141
2585258,186949,2021-06-23 19:29:56.825724
2584551,189129,2021-06-23 19:31:00.510837
2585277,189127,2021-06-23 19:32:04.295226
2585275,189271,2021-06-23 19:33:07.944198
2585283,189268,2021-06-23 19:34:11.527657
2584589,189267,2021-06-23 19:35:15.342151
2583189,189268,2021-06-23 19:36:19.484947
2583873,189126,2021-06-23 19:37:23.044742
2583946,186944,2021-06-23 19:38:26.781189
2584055,189272,2021-06-23 19:39:30.453355
2585325,186946,2021-06-23 19:40:33.983364
2584675,186945,2021-06-23 19:41:37.656239
2585321,189271,2021-06-23 19:42:41.537701
2584629,186944,2021-06-23 19:43:45.163491
2585294,189265,2021-06-23 19:44:48.890086
2584590,186941,2021-06-23 19:45:52.539363
2585248,186939,2021-06-23 19:46:56.307392
2584552,189123,2021-06-23 19:48:00.048499
2585227,186942,2021-06-23 19:49:03.796692
2585218,189266,2021-06-23 19:50:07.487645
2584495,189124,2021-06-23 19:51:11.191483
2585203,186944,2021-06-23 19:52:15.021440
2585196,189268,2021-06-23 19:53:18.967385
2585266,189268,2021-06-23 19:54:22.814449
2585265,189122,2021-06-23 19:55:26.650201
2585268,189267,2021-06-23 19:56:30.311333
2585296,189270,2021-06-23 19:57:33.984484
2584710,189266,2021-06-23 19:58:38.339059
2585297,189127,2021-06-23 19:59:42.208136
2585292,189123,2021-06-23 20:00:46.132182
2585249,189124,2021-06-23 20:01:49.955186
2584530,186944,2021-06-23 20:02:53.700134
2585133,189270,2021-06-23 20:03:57.281197
2585122,189267,2021-06-23 20:05:01.037647
2584487,189128,2021-06-23 20:06:04.703702
2584538,189127,2021-06-23 20:07:08.778476
2585204,189270,2021-06-23 20:08:12.679323
2585247,186942,2021-06-23 20:09:16.495250
2585227,189263,2021-06-23 20:10:20.381326
2585290,186937,2021-06-23 20:11:24.161758
2584603,189121,2021-06-23 20:12:27.964524
2585241,186941,2021-06-23 20:13:32.121709
2585266,189265,2021-06-23 20:14:35.797485
2585287,189123,2021-06-23 20:15:39.509801
2585245,189267,2021-06-23 20:16:43.265489
2585213,189124,2021-06-23 20:17:46.969379
2585104,186941,2021-06-23 20:18:50.709744
2584984,189122,2021-06-23 20:19:54.326787
2584383,186937,2021-06-23 20:20:58.363770
2584990,189119,2021-06-23 20:22:02.185877
2585022,189120,2021-06-23 20:23:06.104876
2584436,189125,2021-06-23 20:24:09.681576
2584500,189268,2021-06-23 20:25:13.505341
2585141,189125,2021-06-23 20:26:17.159403
2584523,189126,2021-06-23 20:27:21.030461
2585163,186941,2021-06-23 20:28:24.771191
2584598,189266,2021-06-23 20:29:28.428282
2584547,189126,2021-06-23 20:30:32.326342
2584549,186939,2021-06-23 20:31:36.105921
2585181,186935,2021-06-23 20:32:39.873763
2585139,186936,2021-06-23 20:33:43.660309
2584528,189117,2021-06-23 20:34:47.470551
2584573,189259,2021-06-23 20:35:51.428964
2584538,189262,2021-06-23 20:36:55.172445
2585125,189261,2021-06-23 20:37:58.853564
2589622,186629,2021-06-24 18:39:08.048763
2589628,188890,2021-06-24 18:39:12.508416
2591923,189012,2021-06-25 07:26:55.887282
2591903,186632,2021-06-25 07:27:03.338920
2591904,188788,2021-06-25 07:27:07.757073
2591935,189017,2021-06-25 07:27:12.115606
2591543,186633,2021-06-25 07:27:16.572353
2591543,189017,2021-06-25 07:27:21.206770
2591543,186634,2021-06-25 07:27:25.908626
2591912,189017,2021-06-25 07:27:30.335405
2591543,189016,2021-06-25 07:27:34.733718
2591918,186634,2021-06-25 07:27:39.208074
2591907,186634,2021-06-25 07:27:43.850332
2591931,189018,2021-06-25 07:27:48.909848
2591913,189018,2021-06-25 07:27:53.859077
2591914,188788,2021-06-25 07:27:58.792999
2591934,186634,2021-06-25 07:28:03.724825
2591929,186634,2021-06-25 07:28:08.112564
2591924,189018,2021-06-25 07:28:12.968744
2591912,186634,2021-06-25 07:28:17.934400
2591911,189018,2021-06-25 07:28:22.714729
2591911,188789,2021-06-25 07:28:27.553945
2591905,188789,2021-06-25 07:28:32.144749
2591909,189017,2021-06-25 07:28:36.593481
2591899,189017,2021-06-25 07:28:41.757766
2591910,188790,2021-06-25 07:28:46.262886
2591894,186633,2021-06-25 07:28:50.562356
2591531,186633,2021-06-25 07:28:54.872443
2591909,189016,2021-06-25 07:28:59.296356
2591913,186633,2021-06-25 07:29:03.647432
2591530,186633,2021-06-25 07:29:08.060672
2591920,186633,2021-06-25 07:29:12.576593
2591517,186633,2021-06-25 07:29:17.143442
2591908,186633,2021-06-25 07:29:21.492570
2591521,189016,2021-06-25 07:29:26.054352
2591519,188794,2021-06-25 07:29:30.569484
2591909,186634,2021-06-25 07:29:34.999777
2591519,189015,2021-06-25 07:29:39.960480
2591887,189016,2021-06-25 07:29:44.405693
2591883,186634,2021-06-25 07:29:48.797928
2591512,186636,2021-06-25 07:29:53.123770
2591516,186636,2021-06-25 07:29:57.624967
2591901,189015,2021-06-25 07:30:03.752046
2591872,188793,2021-06-25 07:30:08.962500
2591900,188793,2021-06-25 07:30:14.067472
2591502,189020,2021-06-25 07:30:18.966396
2591883,188793,2021-06-25 07:30:23.600612
2591881,188793,2021-06-25 07:30:28.386905
2591860,189021,2021-06-25 07:30:32.943118
2591478,189021,2021-06-25 07:30:37.482733
2591459,188793,2021-06-25 07:30:42.002140
2591873,186637,2021-06-25 07:30:46.366033
2591475,189020,2021-06-25 07:30:50.764891
2591476,186637,2021-06-25 07:30:55.210164
2591477,186637,2021-06-25 07:30:59.609720
2591835,189020,2021-06-25 07:31:04.069700
2591827,188792,2021-06-25 07:31:08.688991
2591861,189020,2021-06-25 07:31:12.975297
2591831,189020,2021-06-25 07:31:17.405130
2591838,188793,2021-06-25 07:31:21.782047
2591459,188793,2021-06-25 07:31:26.121142
2591461,188791,2021-06-25 07:31:30.427563
2591462,186636,2021-06-25 07:31:34.892816
2591846,186636,2021-06-25 07:31:39.460476
2591458,188792,2021-06-25 07:31:43.949661
2591458,186636,2021-06-25 07:31:48.398657
2591465,189019,2021-06-25 07:31:52.773857
2591816,188793,2021-06-25 07:31:57.110797
2591856,189019,2021-06-25 07:32:01.550632
2591831,189019,2021-06-25 07:32:05.889094
2591860,189019,2021-06-25 07:32:10.380992
2591473,189019,2021-06-25 07:32:15.240427
2591471,189020,2021-06-25 07:32:19.628456
2591840,188795,2021-06-25 07:32:24.016931
2591832,188795,2021-06-25 07:32:28.402216
2591835,189021,2021-06-25 07:32:32.830966
2591469,186635,2021-06-25 07:32:37.908634
2591832,186637,2021-06-25 07:32:42.918501
2591862,186636,2021-06-25 07:32:47.942831
2591860,188794,2021-06-25 07:32:52.942964
2591834,189020,2021-06-25 07:32:57.748956
2591470,188792,2021-06-25 07:33:02.614920
2591468,188792,2021-06-25 07:33:07.350752
2591840,188792,2021-06-25 07:33:12.272641
2591868,188792,2021-06-25 07:33:16.710354
2591475,189019,2021-06-25 07:33:21.220006
2591463,189020,2021-06-25 07:33:25.590918
2591479,186637,2021-06-25 07:33:29.898178
2591476,188792,2021-06-25 07:33:34.302332
2591863,189020,2021-06-25 07:33:38.944758
2591841,186637,2021-06-25 07:33:43.258131
2591481,189020,2021-06-25 07:33:47.594464
2591489,186637,2021-06-25 07:33:52.006991
2591489,186636,2021-06-25 07:33:56.486878
2591842,189019,2021-06-25 07:34:00.940161
2591840,189019,2021-06-25 07:34:05.335413
2591844,189019,2021-06-25 07:34:09.803836
2591861,188789,2021-06-25 07:34:14.233432
2591877,186634,2021-06-25 07:34:18.693850
2591850,188789,2021-06-25 07:34:23.275757
2591872,188789,2021-06-25 07:34:27.679134
2591848,189017,2021-06-25 07:34:32.085206
2591851,188789,2021-06-25 07:34:36.518385
2591871,189017,2021-06-25 07:34:40.913459
2591479,188789,2021-06-25 07:34:45.380669
2591479,189016,2021-06-25 07:34:49.867595
2591850,188788,2021-06-25 07:34:54.396463
2591870,186633,2021-06-25 07:34:59.052934
2591857,186632,2021-06-25 07:35:03.458714
2591873,189015,2021-06-25 07:35:08.680344
2591863,188790,2021-06-25 07:35:13.710484
2591881,188792,2021-06-25 07:35:18.552649
2591492,189014,2021-06-25 07:35:23.446468
2591879,188791,2021-06-25 07:35:27.802665
2591492,188791,2021-06-25 07:35:32.569935
2591493,186632,2021-06-25 07:35:37.386544
2591858,188791,2021-06-25 07:35:42.193183
2591864,186635,2021-06-25 07:35:47.051433
2591851,189016,2021-06-25 07:35:51.992438
2591851,189016,2021-06-25 07:35:56.858485
2591871,186639,2021-06-25 07:36:01.810472
2591879,188790,2021-06-25 07:36:06.655682
2591486,189018,2021-06-25 07:36:11.633279
2591878,189021,2021-06-25 07:36:16.568491
2591496,186638,2021-06-25 07:36:21.349969
2591849,188790,2021-06-25 07:36:26.224411
2591875,189021,2021-06-25 07:36:31.052707
2591485,188790,2021-06-25 07:36:35.596273
2591868,188790,2021-06-25 07:36:39.899691
2591866,189020,2021-06-25 07:36:44.208831
2591479,186637,2021-06-25 07:36:48.521536
2591488,188789,2021-06-25 07:36:52.927485
2591850,188789,2021-06-25 07:36:57.803485
2591487,189020,2021-06-25 07:37:02.819309
2591854,188789,2021-06-25 07:37:07.788160
2591863,189020,2021-06-25 07:37:12.755931
2591861,189020,2021-06-25 07:37:17.146766
2591832,189020,2021-06-25 07:37:21.568851
2591850,189020,2021-06-25 07:37:25.958734
2591463,186637,2021-06-25 07:37:30.477180
2591466,189020,2021-06-25 07:37:34.833469
2591831,188790,2021-06-25 07:37:39.256090
2591837,189020,2021-06-25 07:37:43.600046
2591849,189020,2021-06-25 07:37:47.881500
2591815,188792,2021-06-25 07:37:52.319754
2591454,186637,2021-06-25 07:37:56.758122
2591821,189019,2021-06-25 07:38:02.037140
2591852,188794,2021-06-25 07:38:06.960864
2591838,186636,2021-06-25 07:38:12.110894
2591467,188794,2021-06-25 07:38:16.864923
2591829,189019,2021-06-25 07:38:21.409074
2591813,186636,2021-06-25 07:38:25.823976
2591824,186636,2021-06-25 07:38:30.194967
2591833,186637,2021-06-25 07:38:34.486686
2591828,186637,2021-06-25 07:38:38.880707
2591805,188796,2021-06-25 07:38:43.847833
2591437,188795,2021-06-25 07:38:48.554189
2591815,188795,2021-06-25 07:38:53.491626
2591438,188795,2021-06-25 07:38:58.291021
2591445,186637,2021-06-25 07:39:02.586701
2591839,188795,2021-06-25 07:39:07.101991
2591442,188795,2021-06-25 07:39:11.769733
2591451,188795,2021-06-25 07:39:16.221737
2591836,186639,2021-06-25 07:39:20.726953
2591773,189022,2021-06-25 07:39:25.719696
2591799,189022,2021-06-25 07:39:30.819943
2591402,189022,2021-06-25 07:39:35.760254
2591402,188795,2021-06-25 07:39:40.771857
2591776,188795,2021-06-25 07:39:45.851238
2591795,189022,2021-06-25 07:39:50.764105
2591762,189022,2021-06-25 07:39:55.571233
2591774,188795,2021-06-25 07:40:00.708682
2591771,189022,2021-06-25 07:40:05.458909
2591415,188795,2021-06-25 07:40:10.382034
2591417,189022,2021-06-25 07:40:15.256415
2591785,189022,2021-06-25 07:40:20.230992
2591800,188793,2021-06-25 07:40:24.714708
2591790,186637,2021-06-25 07:40:29.756028
2591779,186637,2021-06-25 07:40:34.623567
2591785,189020,2021-06-25 07:40:39.366436
2591800,186637,2021-06-25 07:40:43.740056
2591416,186637,2021-06-25 07:40:48.067706
2591428,186637,2021-06-25 07:40:52.496541
2591422,186636,2021-06-25 07:40:57.067848
2591792,188793,2021-06-25 07:41:01.411804
2591803,188792,2021-06-25 07:41:07.333961
2591814,189018,2021-06-25 07:41:12.743056
2591799,188792,2021-06-25 07:41:17.209218
2591815,189018,2021-06-25 07:41:21.702802
2591435,188793,2021-06-25 07:41:26.318450
2591440,189018,2021-06-25 07:41:30.787410
2591814,186635,2021-06-25 07:41:35.878130
2591440,188792,2021-06-25 07:41:40.929390
2591846,186634,2021-06-25 07:41:46.050298
2591840,186635,2021-06-25 07:41:51.030792
2591859,186634,2021-06-25 07:41:56.082474
2591837,189016,2021-06-25 07:42:01.118210
2591875,188791,2021-06-25 07:42:06.055372
2591865,186635,2021-06-25 07:42:10.862130
2591517,188791,2021-06-25 07:42:15.200668
2591519,188791,2021-06-25 07:42:19.567833
2591520,189017,2021-06-25 07:42:23.896034
2591899,189017,2021-06-25 07:42:28.184834
2591513,186636,2021-06-25 07:42:32.707249
2591509,186634,2021-06-25 07:42:37.053413
2591877,186633,2021-06-25 07:42:42.010892
2591891,189014,2021-06-25 07:42:46.751253
2591875,186632,2021-06-25 07:42:51.558684
2591467,189014,2021-06-25 07:42:56.338092
2591833,186632,2021-06-25 07:43:00.613709
2591477,189014,2021-06-25 07:43:05.358401
2591856,186632,2021-06-25 07:43:09.773156
2591472,186632,2021-06-25 07:43:14.221118
2591856,186632,2021-06-25 07:43:18.651407
2591849,188788,2021-06-25 07:43:23.657997
2591848,186632,2021-06-25 07:43:27.978608
2591851,188789,2021-06-25 07:43:32.397004
2591827,186632,2021-06-25 07:43:36.780116
2591470,188789,2021-06-25 07:43:41.168141
2591446,186631,2021-06-25 07:43:45.553477
2591835,189013,2021-06-25 07:43:49.814744
2591458,186631,2021-06-25 07:43:54.183394
2591815,186631,2021-06-25 07:43:58.643022
2591840,186631,2021-06-25 07:44:06.594407
2591454,189013,2021-06-25 07:44:11.207197
2591784,186630,2021-06-25 07:44:15.649427
2591775,186629,2021-06-25 07:44:20.658785
2591776,189011,2021-06-25 07:44:25.179782
2591750,186629,2021-06-25 07:44:30.408302
2591773,189011,2021-06-25 07:44:35.222420
2591763,188788,2021-06-25 07:44:40.104857
2591389,188788,2021-06-25 07:44:45.126497
2591774,186631,2021-06-25 07:44:50.202109
2591777,189012,2021-06-25 07:44:55.053358
2591772,186633,2021-06-25 07:45:00.024190
2591415,189014,2021-06-25 07:45:05.490576
2591811,189014,2021-06-25 07:45:11.741069
2591410,188786,2021-06-25 07:45:16.661614
2591843,189013,2021-06-25 07:45:21.676789
2591446,189014,2021-06-25 07:45:26.820918
2591843,188786,2021-06-25 07:45:31.505916
2591805,189014,2021-06-25 07:45:36.114981
2591448,186632,2021-06-25 07:45:40.569673
2591834,189013,2021-06-25 07:45:44.911895
2591451,188786,2021-06-25 07:45:49.443396
2591445,188786,2021-06-25 07:45:54.468225
2591839,186632,2021-06-25 07:45:59.428583
2591844,188786,2021-06-25 07:46:04.521738
2591837,189012,2021-06-25 07:46:09.687086
2591445,189012,2021-06-25 07:46:14.589823
2591827,189012,2021-06-25 07:46:19.177492
2591830,188784,2021-06-25 07:46:23.576440
2591811,186629,2021-06-25 07:46:27.866327
2591820,188784,2021-06-25 07:46:32.349313
2591825,189011,2021-06-25 07:46:36.773904
2591435,189011,2021-06-25 07:46:41.083821
2591438,189011,2021-06-25 07:46:45.568382
2591809,188785,2021-06-25 07:46:49.955574
2591434,188785,2021-06-25 07:46:54.367463
2591242,189011,2021-06-25 07:46:58.745797
2591636,186629,2021-06-25 07:47:03.240313
2591246,188785,2021-06-25 07:47:07.673716
2591640,186628,2021-06-25 07:47:12.056125
2591648,188784,2021-06-25 07:47:16.430124
2591639,189010,2021-06-25 07:47:20.881430
2591270,186627,2021-06-25 07:47:26.506438
2591267,188783,2021-06-25 07:47:30.974549
2591638,189008,2021-06-25 07:47:35.314479
2591266,189008,2021-06-25 07:47:39.945869
2591258,188783,2021-06-25 07:47:44.930135
2591648,186626,2021-06-25 07:47:49.787072
2591272,188783,2021-06-25 07:47:54.876038
2591646,186627,2021-06-25 07:48:00.709200
2591271,189009,2021-06-25 07:48:05.972416
2591274,189010,2021-06-25 07:48:10.765272
2591278,189009,2021-06-25 07:48:15.924748
2591288,188782,2021-06-25 07:48:20.991438
2591671,189009,2021-06-25 07:48:26.397858
2591659,189009,2021-06-25 07:48:31.411788
2591661,189009,2021-06-25 07:48:36.787043
2591661,189009,2021-06-25 07:48:43.459237
2591664,188782,2021-06-25 07:48:48.057311
2591286,188781,2021-06-25 07:48:52.703390
2591280,189008,2021-06-25 07:48:57.283936
2591285,189008,2021-06-25 07:49:01.914553
2591638,186626,2021-06-25 07:49:06.614597
2591639,189007,2021-06-25 07:49:11.444709
2591642,186625,2021-06-25 07:49:16.020593
2591631,188780,2021-06-25 07:49:20.586063
2591639,189007,2021-06-25 07:49:25.068907
2591649,189007,2021-06-25 07:49:29.538276
2591264,188782,2021-06-25 07:49:34.283837
2591627,189007,2021-06-25 07:49:38.569603
2591257,188782,2021-06-25 07:49:42.927313
2591248,189006,2021-06-25 07:49:47.413693
2591629,186624,2021-06-25 07:49:52.405489
2591234,188783,2021-06-25 07:49:57.485097
2591252,186624,2021-06-25 07:50:02.474846
2591244,189006,2021-06-25 07:50:07.346003
2591610,186623,2021-06-25 07:50:12.278105
2591601,186623,2021-06-25 07:50:17.739571
2591237,189005,2021-06-25 07:50:22.746787
2591610,186622,2021-06-25 07:50:27.397919
2591589,189004,2021-06-25 07:50:31.989832
2591580,186622,2021-06-25 07:50:36.741798
2591589,188783,2021-06-25 07:50:42.055812
2591182,186622,2021-06-25 07:50:46.899066
2591577,189005,2021-06-25 07:50:51.754893
2591537,189004,2021-06-25 07:50:56.930050
2591143,186626,2021-06-25 07:51:01.777913
2591483,186625,2021-06-25 07:51:07.006609
2591454,186625,2021-06-25 07:51:12.096664
2591423,186625,2021-06-25 07:51:17.143556
2591417,189007,2021-06-25 07:51:22.016892
2591400,186625,2021-06-25 07:51:26.539969
2591384,186626,2021-06-25 07:51:31.643412
2591374,186625,2021-06-25 07:51:36.558926
2591363,189007,2021-06-25 07:51:41.537202
2591352,186625,2021-06-25 07:51:46.349368
2591360,186625,2021-06-25 07:51:50.799518
2591361,186625,2021-06-25 07:51:55.433429
2591363,186625,2021-06-25 07:51:59.785804
2590988,189007,2021-06-25 07:52:04.148744
2591363,186625,2021-06-25 07:52:08.908658
2591388,188781,2021-06-25 07:52:13.367062
2591384,188781,2021-06-25 07:52:17.738659
2591377,189007,2021-06-25 07:52:22.309211
2590975,186625,2021-06-25 07:52:26.903826
2591331,189007,2021-06-25 07:52:31.570382
2591343,188782,2021-06-25 07:52:36.315756
2590945,186625,2021-06-25 07:52:40.827948
2591304,189007,2021-06-25 07:52:45.429941
2591315,189007,2021-06-25 07:52:49.958810
2590940,189007,2021-06-25 07:52:54.437086
2591297,188782,2021-06-25 07:52:59.068296
2591322,188783,2021-06-25 07:53:03.599760
2590934,186625,2021-06-25 07:53:08.021251
2590935,188782,2021-06-25 07:53:12.442524
2591327,188783,2021-06-25 07:53:16.962003
2591301,188783,2021-06-25 07:53:21.511520
2591322,188783,2021-06-25 07:53:25.957928
2591317,189007,2021-06-25 07:53:30.408987
2591317,186625,2021-06-25 07:53:34.896291
2590907,186626,2021-06-25 07:53:39.272813
2591266,186626,2021-06-25 07:53:43.763751
2591290,188783,2021-06-25 07:53:48.145807
2591274,186628,2021-06-25 07:53:52.568475
2591286,186630,2021-06-25 07:53:56.976180
2590898,188783,2021-06-25 07:54:01.288172
2591290,186630,2021-06-25 07:54:05.648406
2591284,189009,2021-06-25 07:54:10.495985
2591284,186629,2021-06-25 07:54:14.867457
2590910,186629,2021-06-25 07:54:19.273760
2591284,188781,2021-06-25 07:54:23.680028
2591275,188781,2021-06-25 07:54:28.084442
2591281,186629,2021-06-25 07:54:32.402712
2591282,189011,2021-06-25 07:54:37.131169
2591253,186629,2021-06-25 07:54:41.739874
2590907,188781,2021-06-25 07:54:46.272079
2591257,188781,2021-06-25 07:54:50.740660
2590896,188781,2021-06-25 07:54:55.364619
2591281,189011,2021-06-25 07:54:59.863756
2591281,188781,2021-06-25 07:55:04.288623
2591267,189011,2021-06-25 07:55:08.663831
2590915,189011,2021-06-25 07:55:13.120807
2590913,188781,2021-06-25 07:55:17.523012
2591276,188781,2021-06-25 07:55:21.753260
2590921,186628,2021-06-25 07:55:26.194699
2590924,188781,2021-06-25 07:55:30.444901
2591289,189010,2021-06-25 07:55:35.444763
2591288,188782,2021-06-25 07:55:40.382498
2590928,186628,2021-06-25 07:55:45.315013
2591284,188781,2021-06-25 07:55:50.079689
2590914,188782,2021-06-25 07:55:54.878781
2591269,189009,2021-06-25 07:55:59.131785
2591268,186627,2021-06-25 07:56:03.491367
2591291,189009,2021-06-25 07:56:07.772823
2590956,186627,2021-06-25 07:56:12.191581
2590971,186627,2021-06-25 07:56:16.750328
2591337,186627,2021-06-25 07:56:21.084071
2591327,186627,2021-06-25 07:56:25.622231
2591328,186627,2021-06-25 07:56:30.086253
2591331,186627,2021-06-25 07:56:34.549598
2591327,188787,2021-06-25 07:56:39.099704
2590936,186626,2021-06-25 07:56:43.615181
2591311,186627,2021-06-25 07:56:48.213171
2590927,186627,2021-06-25 07:56:52.803450
2591263,188787,2021-06-25 07:56:59.157035
2590907,186628,2021-06-25 07:57:04.146604
2590882,189014,2021-06-25 07:57:09.208711
2590841,188787,2021-06-25 07:57:13.602587
2591206,188787,2021-06-25 07:57:17.943160
2591168,188787,2021-06-25 07:57:22.648652
2591183,189014,2021-06-25 07:57:27.452532
2590819,189014,2021-06-25 07:57:32.321331
2591179,186632,2021-06-25 07:57:37.225174
2591179,188786,2021-06-25 07:57:42.168086
2591179,186631,2021-06-25 07:57:47.336234
2591177,189013,2021-06-25 07:57:52.397552
2590811,186631,2021-06-25 07:57:57.351160
2591182,189013,2021-06-25 07:58:02.319222
2590807,186631,2021-06-25 07:58:06.851301
2590816,188786,2021-06-25 07:58:11.179632
2591149,188787,2021-06-25 07:58:24.677034
2591161,189011,2021-06-25 07:58:29.224853
2591137,189010,2021-06-25 07:58:33.658556
2591127,189009,2021-06-25 07:58:38.126900
2590752,188783,2021-06-25 07:58:42.693100
2590749,189008,2021-06-25 07:58:47.276375
2591097,188784,2021-06-25 07:58:52.529131
2591094,189008,2021-06-25 07:58:57.601356
2590707,186626,2021-06-25 07:59:02.507840
2591057,188786,2021-06-25 07:59:07.417620
2591008,186626,2021-06-25 07:59:12.525582
2591020,186626,2021-06-25 07:59:18.137098
2590652,186625,2021-06-25 07:59:23.176821
2591000,186624,2021-06-25 07:59:28.179779
2590996,189006,2021-06-25 07:59:32.683129
2590992,188785,2021-06-25 07:59:37.177536
2590986,188785,2021-06-25 07:59:41.599621
2590607,186624,2021-06-25 07:59:45.979040
2590629,188784,2021-06-25 07:59:50.617132
2590619,186628,2021-06-25 07:59:55.131067
2590980,188783,2021-06-25 07:59:59.776009
2590621,186629,2021-06-25 08:00:04.224713
2590967,188781,2021-06-25 08:00:08.733739
2590599,189008,2021-06-25 08:00:13.227775
2590585,189007,2021-06-25 08:00:18.726527
2590586,188780,2021-06-25 08:00:23.187378
2590594,188779,2021-06-25 08:00:27.615421
2590587,186628,2021-06-25 08:00:31.974720
2590585,189009,2021-06-25 08:00:36.530430
2590951,189008,2021-06-25 08:00:40.976358
2590954,186627,2021-06-25 08:00:45.302420
2590579,186627,2021-06-25 08:00:49.833886
2590958,189008,2021-06-25 08:00:54.254270
2590930,188776,2021-06-25 08:00:58.674690
2590930,188775,2021-06-25 08:01:04.226937
2590924,188775,2021-06-25 08:01:08.661843
2590584,186624,2021-06-25 08:01:13.156823
2590928,188774,2021-06-25 08:01:17.694814
2590919,189003,2021-06-25 08:01:22.169329
2590920,188772,2021-06-25 08:01:27.442755
2590922,188775,2021-06-25 08:01:32.444266
2590922,186621,2021-06-25 08:01:37.461377
2590914,186621,2021-06-25 08:01:42.615223
2590929,186621,2021-06-25 08:01:47.179605
2590937,188776,2021-06-25 08:01:51.633512
2590938,189002,2021-06-25 08:01:56.178850
2590918,189002,2021-06-25 08:02:00.616563
2590568,189002,2021-06-25 08:02:05.084299
2590568,188777,2021-06-25 08:02:10.147040
2590573,189001,2021-06-25 08:02:15.090258
2590945,189001,2021-06-25 08:02:20.037202
2590943,188776,2021-06-25 08:02:25.443108
2590935,188776,2021-06-25 08:02:30.027161
2590941,189002,2021-06-25 08:02:34.621341
2590547,186619,2021-06-25 08:02:39.209059
2590932,186619,2021-06-25 08:02:43.549406
2590565,189001,2021-06-25 08:02:48.287049
2590880,188775,2021-06-25 08:02:52.975094
2590526,188774,2021-06-25 08:02:57.565881
2590897,188774,2021-06-25 08:03:02.287850
2590538,189003,2021-06-25 08:03:06.850569
2590544,186622,2021-06-25 08:03:11.352352
2590877,188773,2021-06-25 08:03:15.990178
2590537,186622,2021-06-25 08:03:20.615397
2590888,189003,2021-06-25 08:03:25.377520
2590541,189003,2021-06-25 08:03:29.693312
2590876,189001,2021-06-25 08:03:33.954459
2590878,189003,2021-06-25 08:03:38.245486
2590864,188772,2021-06-25 08:03:43.749956
2590503,189002,2021-06-25 08:03:48.676734
2590503,186620,2021-06-25 08:03:53.548158
2590860,188771,2021-06-25 08:03:58.422209
2590512,188771,2021-06-25 08:04:03.935333
2590860,188771,2021-06-25 08:04:08.748063
2590859,186619,2021-06-25 08:04:13.684887
2590495,189001,2021-06-25 08:04:18.451194
2590860,186619,2021-06-25 08:04:22.922841
2590852,189001,2021-06-25 08:04:27.717894
2590839,189000,2021-06-25 08:04:32.811887
2590487,188771,2021-06-25 08:04:37.623457
2590481,189000,2021-06-25 08:04:42.576818
2590448,189000,2021-06-25 08:04:47.045731
2590451,186618,2021-06-25 08:04:51.437669
2590444,186618,2021-06-25 08:04:55.888464
2590810,188772,2021-06-25 08:05:00.154386
2590446,189000,2021-06-25 08:05:04.904613
2590803,188774,2021-06-25 08:05:09.375372
2590797,188999,2021-06-25 08:05:14.517984
2590816,188774,2021-06-25 08:05:19.457307
2590805,186616,2021-06-25 08:05:23.872458
2590798,188998,2021-06-25 08:05:28.788607
2590450,188773,2021-06-25 08:05:33.119520
2590795,186616,2021-06-25 08:05:37.498564
2590450,188998,2021-06-25 08:05:41.795610
2590429,188773,2021-06-25 08:05:46.278317
2590455,188999,2021-06-25 08:05:50.690849
2590795,188998,2021-06-25 08:05:55.060738
2590817,186619,2021-06-25 08:05:59.592203
2590444,188772,2021-06-25 08:06:03.967412
2590448,186619,2021-06-25 08:06:08.294459
2590785,186620,2021-06-25 08:06:12.780720
2590797,189000,2021-06-25 08:06:17.166991
2590452,188772,2021-06-25 08:06:21.685278
2590453,189000,2021-06-25 08:06:26.242054
2590803,189001,2021-06-25 08:06:30.687074
2590808,189001,2021-06-25 08:06:35.236976
2590446,186620,2021-06-25 08:06:39.607675
2590441,189002,2021-06-25 08:06:43.888992
2590449,188772,2021-06-25 08:06:48.295451
2590819,189002,2021-06-25 08:06:52.858749
2590801,186618,2021-06-25 08:06:57.193917
2590453,186618,2021-06-25 08:07:01.669544
2590463,189000,2021-06-25 08:07:06.701201
2590461,188770,2021-06-25 08:07:11.794011
2590814,189000,2021-06-25 08:07:16.685851
2590834,189000,2021-06-25 08:07:21.847108
2590819,188999,2021-06-25 08:07:26.529176
2590814,188999,2021-06-25 08:07:31.606702
2590827,188771,2021-06-25 08:07:36.623062
2590501,188999,2021-06-25 08:07:41.670175
2590859,186616,2021-06-25 08:07:46.514158
2590857,186616,2021-06-25 08:07:51.023628
2590477,188771,2021-06-25 08:07:55.419235
2590801,188998,2021-06-25 08:07:59.846785
2590488,188775,2021-06-25 08:08:04.170036
2590836,188775,2021-06-25 08:08:08.576496
2590522,186616,2021-06-25 08:08:13.572447
2590870,188998,2021-06-25 08:08:18.530157
2590869,186616,2021-06-25 08:08:23.437756
2590553,188775,2021-06-25 08:08:28.357611
2590878,188998,2021-06-25 08:08:32.812601
2590545,188998,2021-06-25 08:08:37.904821
2590887,186615,2021-06-25 08:08:42.967562
2590912,188773,2021-06-25 08:08:47.967801
2590919,186615,2021-06-25 08:08:52.905460
2590919,188772,2021-06-25 08:08:58.013562
2590922,188772,2021-06-25 08:09:02.998174
2590902,188772,2021-06-25 08:09:07.607769
2590924,188772,2021-06-25 08:09:12.139410
2590587,188998,2021-06-25 08:09:16.452117
2590944,188997,2021-06-25 08:09:20.920630
2590606,188771,2021-06-25 08:09:25.376576
2590954,188771,2021-06-25 08:09:30.468126
2590585,186616,2021-06-25 08:09:35.393304
2590976,188997,2021-06-25 08:09:40.372776
2590967,186616,2021-06-25 08:09:45.279259
2590631,188771,2021-06-25 08:09:49.655343
2591013,188770,2021-06-25 08:09:54.546049
2591005,188997,2021-06-25 08:09:59.354060
2591022,186614,2021-06-25 08:10:04.188166
2591007,186614,2021-06-25 08:10:09.123998
2591041,186614,2021-06-25 08:10:13.482192
2590688,186614,2021-06-25 08:10:17.828500
2591047,188996,2021-06-25 08:10:22.460651
2590693,186614,2021-06-25 08:10:26.918967
2591064,188769,2021-06-25 08:10:31.278926
2590717,188769,2021-06-25 08:10:35.607257
2591062,188996,2021-06-25 08:10:40.357484
2590724,188770,2021-06-25 08:10:44.716460
2590699,186614,2021-06-25 08:10:48.930274
2591054,188770,2021-06-25 08:10:53.328447
2591047,188771,2021-06-25 08:10:57.734041
2591060,186614,2021-06-25 08:11:02.059583
2591052,188772,2021-06-25 08:11:06.358452
2591032,186614,2021-06-25 08:11:10.669205
2591055,186614,2021-06-25 08:11:14.997603
2590707,186613,2021-06-25 08:11:19.348870
2591052,188995,2021-06-25 08:11:23.788568
2590729,186613,2021-06-25 08:11:28.247673
2591048,186613,2021-06-25 08:11:32.593788
2590727,188771,2021-06-25 08:11:36.983392
2591073,186613,2021-06-25 08:11:41.811749
2590714,186612,2021-06-25 08:11:46.421341
2591075,186614,2021-06-25 08:11:50.872439
2590729,188996,2021-06-25 08:11:55.310576
2591066,186617,2021-06-25 08:11:59.748285
2590716,188999,2021-06-25 08:12:04.279982
2591082,186618,2021-06-25 08:12:08.811302
2591086,186618,2021-06-25 08:12:13.108090
2591081,188999,2021-06-25 08:12:17.733311
2591069,189000,2021-06-25 08:12:22.195304
2591079,188770,2021-06-25 08:12:26.622488
2590740,186618,2021-06-25 08:12:31.760288
2591071,186618,2021-06-25 08:12:36.238059
2591095,189000,2021-06-25 08:12:41.590638
2591075,188770,2021-06-25 08:12:45.873762
2590764,188770,2021-06-25 08:12:50.410058
2590754,188770,2021-06-25 08:12:55.482081
2591091,189000,2021-06-25 08:13:00.262597
2591122,189000,2021-06-25 08:13:05.373772
2591156,188770,2021-06-25 08:13:10.458809
2591165,186618,2021-06-25 08:13:15.484090
2590829,188770,2021-06-25 08:13:20.718713
2591159,188771,2021-06-25 08:13:25.220961
2591173,188771,2021-06-25 08:13:29.716383
2591173,188772,2021-06-25 08:13:35.116119
2591157,186617,2021-06-25 08:13:39.734289
2591167,186617,2021-06-25 08:13:44.201438
2590816,188999,2021-06-25 08:13:48.514144
2591181,186617,2021-06-25 08:13:52.982694
2591179,188773,2021-06-25 08:13:57.342054
2591182,186617,2021-06-25 08:14:01.715839
2591169,188779,2021-06-25 08:14:06.122439
2591172,188999,2021-06-25 08:14:10.489074
2591178,186616,2021-06-25 08:14:15.029581
2591184,188998,2021-06-25 08:14:19.561048
2590829,188998,2021-06-25 08:14:24.936094
2590832,186616,2021-06-25 08:14:29.365587
2591159,186616,2021-06-25 08:14:33.811681
2590837,188779,2021-06-25 08:14:38.140012
2591187,188779,2021-06-25 08:14:42.562097
2591190,189002,2021-06-25 08:14:47.216114
2591193,188779,2021-06-25 08:14:51.594391
2591160,188999,2021-06-25 08:14:56.110211
2591195,186621,2021-06-25 08:15:00.497663
2591176,186622,2021-06-25 08:15:05.243929
2590837,186622,2021-06-25 08:15:09.872860
2591190,189007,2021-06-25 08:15:14.139916
2590847,189005,2021-06-25 08:15:18.819868
2591196,188778,2021-06-25 08:15:23.089654
2590834,186621,2021-06-25 08:15:27.404176
2591187,186624,2021-06-25 08:15:32.685762
2591204,188777,2021-06-25 08:15:37.608354
2591201,189006,2021-06-25 08:15:43.279509
2590835,186624,2021-06-25 08:15:48.329642
2591201,189006,2021-06-25 08:15:52.982391
2590833,188777,2021-06-25 08:15:57.387631
2591191,186624,2021-06-25 08:16:01.968373
2591209,188777,2021-06-25 08:16:06.247829
2591170,189006,2021-06-25 08:16:10.524887
2590842,188777,2021-06-25 08:16:14.826444
2591215,186624,2021-06-25 08:16:19.422116
2591209,188779,2021-06-25 08:16:23.778867
2591210,186624,2021-06-25 08:16:28.091573
2590855,189006,2021-06-25 08:16:32.404563
2591209,186624,2021-06-25 08:16:36.806953
2591213,186624,2021-06-25 08:16:41.206912
2591202,188782,2021-06-25 08:16:45.682826
2591198,186624,2021-06-25 08:16:49.935950
2591211,188781,2021-06-25 08:16:54.325781
2591190,186624,2021-06-25 08:16:58.808703
2591174,186624,2021-06-25 08:17:03.303108
2591162,186624,2021-06-25 08:17:07.732626
2590826,189005,2021-06-25 08:17:12.092727
2590846,189005,2021-06-25 08:17:17.046093
2590833,189005,2021-06-25 08:17:22.094378
2591191,189005,2021-06-25 08:17:26.559486
2591180,189005,2021-06-25 08:17:30.862529
2590833,189005,2021-06-25 08:17:35.374120
2591189,186623,2021-06-25 08:17:39.690589
2590831,186624,2021-06-25 08:17:44.154485
2590829,188782,2021-06-25 08:17:48.592197
2591198,189006,2021-06-25 08:17:52.936800
2591184,188782,2021-06-25 08:17:57.993401
2590836,188782,2021-06-25 08:18:02.372426
2590831,189010,2021-06-25 08:18:09.650124
2590838,186629,2021-06-25 08:18:13.890968
2590845,186629,2021-06-25 08:18:19.217004
2591168,189010,2021-06-25 08:18:23.656705
2591193,189011,2021-06-25 08:18:28.546923
2591181,186629,2021-06-25 08:18:33.404347
2590811,189011,2021-06-25 08:18:38.326457
2590822,188782,2021-06-25 08:18:43.248565
2590823,189011,2021-06-25 08:18:47.619423
2591180,186629,2021-06-25 08:18:52.497651
2591190,186629,2021-06-25 08:18:56.889203
2590846,186629,2021-06-25 08:19:01.498494
2591196,186629,2021-06-25 08:19:05.948386
2591174,189011,2021-06-25 08:19:10.403962
2590818,188782,2021-06-25 08:19:15.343562
2590852,189011,2021-06-25 08:19:19.951539
2590832,186629,2021-06-25 08:19:24.603427
2590828,186629,2021-06-25 08:19:29.200773
2590848,189011,2021-06-25 08:19:34.405727
2591199,186629,2021-06-25 08:19:38.890317
2591201,188785,2021-06-25 08:19:43.378381
2590837,188786,2021-06-25 08:19:48.328307
2590855,189010,2021-06-25 08:19:53.404465
2591183,186628,2021-06-25 08:19:58.334404
2590827,189010,2021-06-25 08:20:02.795567
2591202,189010,2021-06-25 08:20:07.195850
2590838,189010,2021-06-25 08:20:11.698283
2590835,186628,2021-06-25 08:20:16.155845
2591188,189010,2021-06-25 08:20:20.686625
2591172,188787,2021-06-25 08:20:25.155296
2591185,188787,2021-06-25 08:20:29.749264
2591186,188787,2021-06-25 08:20:34.189977
2590824,186629,2021-06-25 08:20:38.654753
2591187,188787,2021-06-25 08:20:43.166762
2591172,188787,2021-06-25 08:20:48.074245
2591179,188787,2021-06-25 08:20:52.672520
2590828,186632,2021-06-25 08:20:57.044593
2590832,189012,2021-06-25 08:21:01.381890
2591177,188787,2021-06-25 08:21:07.263813
2590828,186632,2021-06-25 08:21:12.728832
2591188,188787,2021-06-25 08:21:17.546040
2591193,188787,2021-06-25 08:21:22.418840
2590769,188787,2021-06-25 08:21:27.294187
2590797,186632,2021-06-25 08:21:31.824383
2591139,189014,2021-06-25 08:21:36.531521
2591142,189014,2021-06-25 08:21:40.784835
2591154,186632,2021-06-25 08:21:45.156389
2590800,186632,2021-06-25 08:21:49.560360
2590787,188787,2021-06-25 08:21:53.778599
2591143,186632,2021-06-25 08:21:58.155421
2590806,189013,2021-06-25 08:22:02.499378
2591183,188786,2021-06-25 08:22:08.653600
2591177,188785,2021-06-25 08:22:14.467100
2591181,188786,2021-06-25 08:22:19.373584
2590820,186630,2021-06-25 08:22:24.375247
2590835,189012,2021-06-25 08:22:29.833708
2591176,188786,2021-06-25 08:22:34.224275
2591181,186629,2021-06-25 08:22:38.545163
2591180,188785,2021-06-25 08:22:42.857868
2591190,189011,2021-06-25 08:22:47.842481
2591180,189011,2021-06-25 08:22:52.608820
2591167,188787,2021-06-25 08:22:57.013930
2591186,188789,2021-06-25 08:23:01.433971
2591184,188790,2021-06-25 08:23:05.824119
2591168,189011,2021-06-25 08:23:10.248947
2590822,188789,2021-06-25 08:23:14.686386
2591175,188790,2021-06-25 08:23:19.249104
2591179,186629,2021-06-25 08:23:23.562550
2591175,186628,2021-06-25 08:23:28.000333
2590810,188789,2021-06-25 08:23:32.346634
2591180,189010,2021-06-25 08:23:36.594108
2590813,186627,2021-06-25 08:23:41.232112
2591167,188787,2021-06-25 08:23:45.544818
2591174,186627,2021-06-25 08:23:49.785063
2591166,189008,2021-06-25 08:23:54.515906
2591184,189009,2021-06-25 08:23:58.920634
2590812,188785,2021-06-25 08:24:03.278751
2590813,189011,2021-06-25 08:24:07.732089
2590805,188784,2021-06-25 08:24:12.066875
2590796,188784,2021-06-25 08:24:16.531038
2590800,189011,2021-06-25 08:24:21.076500
2591144,186629,2021-06-25 08:24:26.073771
2591138,188784,2021-06-25 08:24:31.021262
2590812,188784,2021-06-25 08:24:35.825538
2590779,186629,2021-06-25 08:24:40.669519
2590770,188784,2021-06-25 08:24:45.475407
2590792,186629,2021-06-25 08:24:50.005925
2591124,188783,2021-06-25 08:24:54.356876
2590796,188783,2021-06-25 08:24:58.919594
2590794,188783,2021-06-25 08:25:03.560651
2590792,186628,2021-06-25 08:25:08.033396
2591172,186626,2021-06-25 08:25:13.476305
2591171,186626,2021-06-25 08:25:18.310538
2591193,188781,2021-06-25 08:25:23.478744
2591185,186626,2021-06-25 08:25:28.404178
2591171,189008,2021-06-25 08:25:32.750115
2591193,189008,2021-06-25 08:25:37.358350
2591186,188782,2021-06-25 08:25:41.756657
2591180,189008,2021-06-25 08:25:46.122735
2590823,186625,2021-06-25 08:25:50.466425
2590805,186625,2021-06-25 08:25:54.920968
2590831,188782,2021-06-25 08:25:59.729452
2590834,189007,2021-06-25 08:26:04.155417
2590847,189006,2021-06-25 08:26:08.828633
2591204,189005,2021-06-25 08:26:13.278628
2591190,189004,2021-06-25 08:26:18.418802
2591203,189004,2021-06-25 08:26:23.462008
2591209,188780,2021-06-25 08:26:28.608029
2590856,189003,2021-06-25 08:26:33.580293
2590870,189003,2021-06-25 08:26:39.074432
2591199,188780,2021-06-25 08:26:43.655439
2591210,189003,2021-06-25 08:26:48.060255
2591194,186624,2021-06-25 08:26:52.447552
2591191,189003,2021-06-25 08:26:56.825436
2591205,188779,2021-06-25 08:27:01.749037
2591187,186624,2021-06-25 08:27:06.420836
2591209,186625,2021-06-25 08:27:10.813336
2591209,188779,2021-06-25 08:27:15.389368
2591207,186625,2021-06-25 08:27:19.827078
2590828,186625,2021-06-25 08:27:24.281733
2590850,189007,2021-06-25 08:27:28.719695
2591196,189005,2021-06-25 08:27:33.273441
2591203,186623,2021-06-25 08:27:37.607177
2591210,189005,2021-06-25 08:27:42.326150
2590836,189003,2021-06-25 08:27:46.779488
2591217,189003,2021-06-25 08:27:51.310241
2591210,186621,2021-06-25 08:27:55.768543
2591194,186621,2021-06-25 08:28:00.184766
2591203,188775,2021-06-25 08:28:04.607673
2591200,189003,2021-06-25 08:28:09.374306
2591222,186621,2021-06-25 08:28:13.887956
2590861,189003,2021-06-25 08:28:18.435927
2590850,186621,2021-06-25 08:28:22.842741
2591224,189003,2021-06-25 08:28:27.358469
2591217,188775,2021-06-25 08:28:31.842187
2591218,186621,2021-06-25 08:28:36.155630
2591202,189003,2021-06-25 08:28:40.515214
2591205,186621,2021-06-25 08:28:44.765417
2590852,189002,2021-06-25 08:28:49.218754
2590853,186620,2021-06-25 08:28:53.669676
2591191,188777,2021-06-25 08:28:58.123991
2591190,188779,2021-06-25 08:29:02.497606
2590821,186620,2021-06-25 08:29:06.779733
2591174,189002,2021-06-25 08:29:11.241744
2590810,186620,2021-06-25 08:29:15.702514
2591173,186620,2021-06-25 08:29:20.029092
2591167,188780,2021-06-25 08:29:24.375657
2590807,189002,2021-06-25 08:29:28.684998
2590820,189002,2021-06-25 08:29:33.249223
2590813,188780,2021-06-25 08:29:37.655683
2591163,189002,2021-06-25 08:29:42.030890
2591153,188780,2021-06-25 08:29:46.381753
2591162,189004,2021-06-25 08:29:50.781486
2590812,186624,2021-06-25 08:29:55.310244
2591146,186625,2021-06-25 08:29:59.638576
2591153,186625,2021-06-25 08:30:03.857392
2590805,189005,2021-06-25 08:30:08.169513
2591136,189010,2021-06-25 08:30:12.529150
2590775,188780,2021-06-25 08:30:17.045469
2590774,186625,2021-06-25 08:30:21.522478
2591123,186628,2021-06-25 08:30:25.952125
2591119,186623,2021-06-25 08:30:30.306595
2591112,189008,2021-06-25 08:30:35.279974
2591125,189008,2021-06-25 08:30:39.733658
2591112,189007,2021-06-25 08:30:44.171369
2591114,188777,2021-06-25 08:30:48.550189
2591125,189007,2021-06-25 08:30:52.889100
2591129,189007,2021-06-25 08:30:57.233738
2591112,189007,2021-06-25 08:31:02.093345
2591104,188777,2021-06-25 08:31:07.420797
2591112,189007,2021-06-25 08:31:12.155145
2590770,189007,2021-06-25 08:31:17.041820
2591107,188775,2021-06-25 08:31:21.670049
2590756,186623,2021-06-25 08:31:26.095417
2591110,186623,2021-06-25 08:31:30.437159
2591104,189005,2021-06-25 08:31:34.810857
2590756,186622,2021-06-25 08:31:39.228634
2591102,186621,2021-06-25 08:31:43.686667
2591108,188778,2021-06-25 08:31:47.968125
2591093,186621,2021-06-25 08:31:53.244420
2591099,188777,2021-06-25 08:31:57.652086
2591104,186621,2021-06-25 08:32:01.983293
2591112,189003,2021-06-25 08:32:08.514029
2591129,189002,2021-06-25 08:32:13.405102
2591117,188778,2021-06-25 08:32:18.295961
2591114,186620,2021-06-25 08:32:23.341771
2591114,189002,2021-06-25 08:32:27.585170
2591114,186620,2021-06-25 08:32:31.935580
2591102,189002,2021-06-25 08:32:36.325663
2590777,189002,2021-06-25 08:32:40.707282
2591115,188778,2021-06-25 08:32:45.279781
2591098,186618,2021-06-25 08:32:50.734156
2591121,189001,2021-06-25 08:32:55.832007
2590789,189001,2021-06-25 08:33:00.920043
2590775,186618,2021-06-25 08:33:06.272734
2591130,189002,2021-06-25 08:33:12.185543
2591138,189002,2021-06-25 08:33:17.107653
2591133,189002,2021-06-25 08:33:22.020749
2591125,188775,2021-06-25 08:33:26.952139
2591126,189002,2021-06-25 08:33:31.920294
2591140,186620,2021-06-25 08:33:36.857185
2591136,188775,2021-06-25 08:33:41.654291
2591133,186620,2021-06-25 08:33:46.592024
2591117,186620,2021-06-25 08:33:51.504195
2590761,186620,2021-06-25 08:33:55.872295
2591131,186620,2021-06-25 08:34:00.218336
2590775,189002,2021-06-25 08:34:04.691052
2591109,186619,2021-06-25 08:34:09.139006
2591101,188773,2021-06-25 08:34:13.900612
2591110,188999,2021-06-25 08:34:18.576795
2591105,188998,2021-06-25 08:34:23.135388
2590750,188771,2021-06-25 08:34:27.885753
2591102,188998,2021-06-25 08:34:32.613557
2590752,188998,2021-06-25 08:34:37.767770
2591098,188773,2021-06-25 08:34:42.763597
2591095,186617,2021-06-25 08:34:47.795088
2591097,188997,2021-06-25 08:34:52.967293
2591122,188777,2021-06-25 08:34:58.014322
2591109,188776,2021-06-25 08:35:03.186443
2591127,188777,2021-06-25 08:35:08.201641
2591129,188775,2021-06-25 08:35:13.125730
2591133,186616,2021-06-25 08:35:18.217916
2591135,188775,2021-06-25 08:35:22.908372
2591130,186615,2021-06-25 08:35:27.279002
2591134,186614,2021-06-25 08:35:31.732694
2590797,186615,2021-06-25 08:35:36.179168
2591132,188996,2021-06-25 08:35:40.669796
2591143,188775,2021-06-25 08:35:45.748162
2591138,188775,2021-06-25 08:35:50.707142
2590812,186619,2021-06-25 08:35:55.810375
2591159,186619,2021-06-25 08:36:00.791973
2590833,188775,2021-06-25 08:36:05.353814
2591174,186620,2021-06-25 08:36:09.825948
2591172,188775,2021-06-25 08:36:14.482720
2591175,189002,2021-06-25 08:36:19.545463
2590822,189001,2021-06-25 08:36:24.058334
2591175,188775,2021-06-25 08:36:28.733190
2590828,186620,2021-06-25 08:36:33.509745
2591181,189002,2021-06-25 08:36:38.138981
2591184,186621,2021-06-25 08:36:42.561064
2591168,186621,2021-06-25 08:36:47.014404
2591184,189002,2021-06-25 08:36:52.488358
2590846,189002,2021-06-25 08:36:57.357669
2591177,189001,2021-06-25 08:37:02.434829
2591189,188772,2021-06-25 08:37:07.419442
2590829,188999,2021-06-25 08:37:11.966223
2591182,188999,2021-06-25 08:37:16.546494
2590838,188772,2021-06-25 08:37:20.998202
2591190,186618,2021-06-25 08:37:25.640557
2591181,188772,2021-06-25 08:37:30.203549
2590834,186617,2021-06-25 08:37:34.768368
2591187,188772,2021-06-25 08:37:39.810316
2591186,188998,2021-06-25 08:37:44.963312
2591189,188772,2021-06-25 08:37:50.064996
2591208,186617,2021-06-25 08:37:55.045878
2590867,186617,2021-06-25 08:37:59.514841
2590857,188772,2021-06-25 08:38:04.561957
2591214,188773,2021-06-25 08:38:09.658186
2591214,188997,2021-06-25 08:38:14.737134
2591223,188772,2021-06-25 08:38:19.170696
2590888,186616,2021-06-25 08:38:23.821175
2591230,186616,2021-06-25 08:38:28.247733
2591227,188773,2021-06-25 08:38:32.857739
2590877,188773,2021-06-25 08:38:37.497508
2591234,188773,2021-06-25 08:38:41.926566
2591234,186616,2021-06-25 08:38:46.968078
2591229,188773,2021-06-25 08:38:51.249530
2591216,188773,2021-06-25 08:38:55.718998
2591229,188773,2021-06-25 08:39:00.338238
2591219,188773,2021-06-25 08:39:04.842883
2590879,188773,2021-06-25 08:39:09.263927
2591229,188999,2021-06-25 08:39:13.771468
2591222,188772,2021-06-25 08:39:18.467410
2590854,188772,2021-06-25 08:39:22.999287
2591211,188997,2021-06-25 08:39:27.350726
2591212,188772,2021-06-25 08:39:31.848426
2591213,188998,2021-06-25 08:39:36.325939
2591200,188769,2021-06-25 08:39:40.950605
2591206,188768,2021-06-25 08:39:45.544574
2590857,188768,2021-06-25 08:39:50.076040
2591218,188995,2021-06-25 08:39:55.310422
2591220,188995,2021-06-25 08:40:00.124340
2590882,188768,2021-06-25 08:40:05.108527
2590873,188995,2021-06-25 08:40:10.060699
2590868,188994,2021-06-25 08:40:15.045398
2590863,186612,2021-06-25 08:40:20.029232
2590868,186611,2021-06-25 08:40:24.956450
2591207,186611,2021-06-25 08:40:29.863591
2590862,188992,2021-06-25 08:40:34.388580
2591208,188992,2021-06-25 08:40:38.748163
2591207,188992,2021-06-25 08:40:43.409592
2590847,186611,2021-06-25 08:40:47.983444
2591185,188768,2021-06-25 08:40:52.637150
2591205,188992,2021-06-25 08:40:56.981937
2590837,188992,2021-06-25 08:41:01.279016
2591190,186611,2021-06-25 08:41:05.529218
2591206,188771,2021-06-25 08:41:09.810672
2591200,188992,2021-06-25 08:41:14.089084
2591199,186611,2021-06-25 08:41:18.456680
2590835,188773,2021-06-25 08:41:23.205129
2591212,188992,2021-06-25 08:41:28.154392
2590866,186611,2021-06-25 08:41:32.801743
2591215,188993,2021-06-25 08:41:37.310166
2591203,188991,2021-06-25 08:41:41.997888
2591196,188772,2021-06-25 08:41:46.467646
2591208,188990,2021-06-25 08:41:51.075622
2591215,188991,2021-06-25 08:41:55.869355
2590852,186612,2021-06-25 08:42:00.388421
2590841,186614,2021-06-25 08:42:05.857432
2591203,188770,2021-06-25 08:42:11.640936
2591201,186614,2021-06-25 08:42:16.560969
2590842,186614,2021-06-25 08:42:21.873722
2591216,188770,2021-06-25 08:42:26.701554
2591206,186615,2021-06-25 08:42:31.467407
2590870,186615,2021-06-25 08:42:35.935998
2591203,188995,2021-06-25 08:42:40.328054
2591211,188769,2021-06-25 08:42:44.934195
2591231,188769,2021-06-25 08:42:50.075873
2590885,186615,2021-06-25 08:42:54.953964
2591239,188994,2021-06-25 08:42:59.856241
2590882,186615,2021-06-25 08:43:04.936494
2590906,186615,2021-06-25 08:43:09.203272
2590913,188769,2021-06-25 08:43:13.716982
2591233,188995,2021-06-25 08:43:18.429050
2591245,186615,2021-06-25 08:43:22.807957
2591259,188770,2021-06-25 08:43:27.279281
2591257,188995,2021-06-25 08:43:34.091117
2591254,188995,2021-06-25 08:43:39.156546
2591262,188995,2021-06-25 08:43:44.170793
2591245,188995,2021-06-25 08:43:49.232772
2591253,186615,2021-06-25 08:43:53.811113
2591248,188772,2021-06-25 08:43:58.373983
2591237,188994,2021-06-25 08:44:03.375340
2590936,188992,2021-06-25 08:44:08.058824
2590912,186612,2021-06-25 08:44:12.568742
2590948,186612,2021-06-25 08:44:17.138926
2591275,186612,2021-06-25 08:44:21.686018
2590945,188992,2021-06-25 08:44:26.206627
2591265,186612,2021-06-25 08:44:30.637741
2591275,188992,2021-06-25 08:44:35.326359
2591276,186613,2021-06-25 08:44:39.701567
2591261,188994,2021-06-25 08:44:44.123656
2591278,188996,2021-06-25 08:44:48.656060
2591282,188770,2021-06-25 08:44:53.077545
2591266,188770,2021-06-25 08:44:57.515256
2591268,188770,2021-06-25 08:45:01.968594
2591296,188770,2021-06-25 08:45:06.592656
2591294,186619,2021-06-25 08:45:13.170178
2591281,186618,2021-06-25 08:45:18.212828
2590939,188769,2021-06-25 08:45:23.165330
2590921,188769,2021-06-25 08:45:28.178063
2590929,188769,2021-06-25 08:45:32.733220
2590932,188768,2021-06-25 08:45:37.108427
2591265,188997,2021-06-25 08:45:41.607146
2590927,186618,2021-06-25 08:45:46.076714
2591270,188997,2021-06-25 08:45:50.576079
2591291,186618,2021-06-25 08:45:55.228492
2591266,186618,2021-06-25 08:45:59.609294
2591278,188767,2021-06-25 08:46:03.904674
2591278,186617,2021-06-25 08:46:08.295809
2590933,188767,2021-06-25 08:46:12.659328
2591278,188996,2021-06-25 08:46:17.138568
2591278,186616,2021-06-25 08:46:21.560654
2591274,186616,2021-06-25 08:46:27.064035
2591271,186616,2021-06-25 08:46:31.482676
2591276,186614,2021-06-25 08:46:37.201697
2591268,186614,2021-06-25 08:46:41.951860
2590891,188766,2021-06-25 08:46:46.420823
2591226,186614,2021-06-25 08:46:50.858256
2591236,188993,2021-06-25 08:46:55.266282
2591233,188993,2021-06-25 08:46:59.685443
2591236,188770,2021-06-25 08:47:04.232535
2590878,186614,2021-06-25 08:47:08.609364
2591234,188993,2021-06-25 08:47:13.076163
2591238,186614,2021-06-25 08:47:17.838324
2591226,188994,2021-06-25 08:47:22.523406
2591236,188770,2021-06-25 08:47:26.960803
2591230,186614,2021-06-25 08:47:31.432476
2591238,186614,2021-06-25 08:47:36.675619
2590885,186615,2021-06-25 08:47:41.012774
2591234,186614,2021-06-25 08:47:45.373991
2590873,188993,2021-06-25 08:47:50.357132
2591248,188993,2021-06-25 08:47:55.311087
2591226,188992,2021-06-25 08:48:00.124170
2591225,186617,2021-06-25 08:48:05.171284
2591244,186617,2021-06-25 08:48:12.835178
2591256,186617,2021-06-25 08:48:17.264058
2591217,188996,2021-06-25 08:48:21.810126
2590855,188996,2021-06-25 08:48:26.772369
2591212,188767,2021-06-25 08:48:31.294453
2591206,186616,2021-06-25 08:48:35.887859
2591212,188767,2021-06-25 08:48:40.406351
2591210,188767,2021-06-25 08:48:44.920309
2591196,188995,2021-06-25 08:48:49.545780
2590856,188995,2021-06-25 08:48:54.094281
2590854,188766,2021-06-25 08:48:58.575480
2590850,188994,2021-06-25 08:49:03.030146
2591199,188766,2021-06-25 08:49:07.656371
2591190,186614,2021-06-25 08:49:11.999194
2591195,188764,2021-06-25 08:49:16.384540
2590838,186612,2021-06-25 08:49:21.342296
2590837,188762,2021-06-25 08:49:25.744489
2591172,186611,2021-06-25 08:49:30.078295
2590838,186611,2021-06-25 08:49:34.391233
2590828,186610,2021-06-25 08:49:39.420182
2591168,188989,2021-06-25 08:49:43.811014
2591168,188764,2021-06-25 08:49:48.080421
2591166,186609,2021-06-25 08:49:52.431261
2590823,188765,2021-06-25 08:49:56.794785
2590834,188766,2021-06-25 08:50:01.842008
2590830,186608,2021-06-25 08:50:06.747498
2591158,186608,2021-06-25 08:50:11.922744
2590840,188767,2021-06-25 08:50:16.819126
2590841,188768,2021-06-25 08:50:21.992997
2590811,188768,2021-06-25 08:50:27.030977
2591174,188768,2021-06-25 08:50:32.061629
2591177,188989,2021-06-25 08:50:37.030382
2591166,188768,2021-06-25 08:50:41.544610
2591177,186610,2021-06-25 08:50:46.125264
2591180,188989,2021-06-25 08:50:50.719349
2591163,188990,2021-06-25 08:50:55.251257
2590826,188990,2021-06-25 08:50:59.864051
2590828,186612,2021-06-25 08:51:04.466080
2591159,186613,2021-06-25 08:51:09.866187
2590838,188993,2021-06-25 08:51:14.897653
2590822,186612,2021-06-25 08:51:19.857989
2590821,188765,2021-06-25 08:51:24.713361
2590817,188765,2021-06-25 08:51:29.697549
2591171,188991,2021-06-25 08:51:34.497541
2590820,186613,2021-06-25 08:51:38.953572
2591148,186613,2021-06-25 08:51:43.338099
2591154,188992,2021-06-25 08:51:47.685814
2591164,188765,2021-06-25 08:51:52.341927
2591168,188992,2021-06-25 08:51:56.609767
2591133,188991,2021-06-25 08:52:00.905056
2591165,186611,2021-06-25 08:52:06.561575
2591162,188763,2021-06-25 08:52:11.092356
2591159,188762,2021-06-25 08:52:15.419816
2590810,186610,2021-06-25 08:52:19.687111
2591165,186610,2021-06-25 08:52:24.042620
2591154,186610,2021-06-25 08:52:28.565494
2591145,186610,2021-06-25 08:52:33.325941
2591158,186609,2021-06-25 08:52:38.357430
2590758,188761,2021-06-25 08:52:43.264348
2591148,188988,2021-06-25 08:52:48.153734
2590814,186609,2021-06-25 08:52:53.107911
2591097,188987,2021-06-25 08:52:58.201801
2590781,188987,2021-06-25 08:53:03.029640
2590778,188987,2021-06-25 08:53:07.420473
2591137,188760,2021-06-25 08:53:11.924362
2591154,186608,2021-06-25 08:53:16.390404
2590781,188762,2021-06-25 08:53:20.792205
2590792,186608,2021-06-25 08:53:25.372253
2591140,188987,2021-06-25 08:53:30.764129
2591125,188762,2021-06-25 08:53:35.264342
2590798,188762,2021-06-25 08:53:39.793754
2591136,188762,2021-06-25 08:53:44.185250
2591130,188987,2021-06-25 08:53:49.748654
2591172,188988,2021-06-25 08:53:54.218433
2590789,188761,2021-06-25 08:53:58.561685
2591163,188761,2021-06-25 08:54:02.921267
2590806,188761,2021-06-25 08:54:07.281395
2591164,186609,2021-06-25 08:54:11.810139
2591164,186609,2021-06-25 08:54:16.111408
2591177,188761,2021-06-25 08:54:20.404219
2591182,188988,2021-06-25 08:54:24.837543
2590824,188761,2021-06-25 08:54:29.190561
2591165,188761,2021-06-25 08:54:33.637244
2591174,188760,2021-06-25 08:54:38.250164
2590844,188760,2021-06-25 08:54:42.638967
2590875,188987,2021-06-25 08:54:47.686083
2590843,188760,2021-06-25 08:54:52.525854
2591221,188759,2021-06-25 08:54:57.341611
2590882,186607,2021-06-25 08:55:02.295652
2591219,188986,2021-06-25 08:55:07.280265
2591239,186607,2021-06-25 08:55:11.675322
2591261,188759,2021-06-25 08:55:16.357154
2590934,186607,2021-06-25 08:55:20.609277
2591270,188985,2021-06-25 08:55:25.097071
2591251,188985,2021-06-25 08:55:29.737547
2591255,188758,2021-06-25 08:55:34.040065
2590924,188985,2021-06-25 08:55:38.326804
2591263,188985,2021-06-25 08:55:42.764515
2591291,186606,2021-06-25 08:55:47.045866
2591286,188759,2021-06-25 08:55:51.316074
2591294,188985,2021-06-25 08:55:56.107987
2591299,188985,2021-06-25 08:56:00.420692
2590956,186606,2021-06-25 08:56:04.952158
2590953,186606,2021-06-25 08:56:09.378061
2591322,188761,2021-06-25 08:56:13.732882
2590985,186606,2021-06-25 08:56:18.056809
2590980,186606,2021-06-25 08:56:22.493656
2591327,188763,2021-06-25 08:56:27.247285
2590997,188985,2021-06-25 08:56:31.560374
2591327,186606,2021-06-25 08:56:40.341556
2591322,188764,2021-06-25 08:56:45.185533
2590991,188763,2021-06-25 08:56:50.122726
2591332,186609,2021-06-25 08:56:54.945636
2591335,188985,2021-06-25 08:56:59.248085
2591334,188989,2021-06-25 08:57:03.810802
2591335,186609,2021-06-25 08:57:08.169235
2591341,188763,2021-06-25 08:57:12.525709
2591014,188763,2021-06-25 08:57:16.794275
2591347,188763,2021-06-25 08:57:22.261614
2591352,188762,2021-06-25 08:57:27.240121
2590996,186611,2021-06-25 08:57:32.288031
2591351,188762,2021-06-25 08:57:37.589640
2591349,188762,2021-06-25 08:57:42.185778
2591348,186610,2021-06-25 08:57:46.601616
2590995,186611,2021-06-25 08:57:51.061585
2591012,186611,2021-06-25 08:57:55.466607
2591014,188990,2021-06-25 08:58:00.087525
2591024,188760,2021-06-25 08:58:05.185053
2591358,188989,2021-06-25 08:58:10.478900
2591364,188989,2021-06-25 08:58:18.514071
2591362,186610,2021-06-25 08:58:23.552805
2591354,186610,2021-06-25 08:58:28.725937
2591353,186610,2021-06-25 08:58:34.421540
2591340,188988,2021-06-25 08:58:40.125176
2591006,188762,2021-06-25 08:58:45.435879
2590995,186609,2021-06-25 08:58:50.326412
2591345,188763,2021-06-25 08:58:57.936843
2591336,188764,2021-06-25 08:59:02.404963
2591010,188764,2021-06-25 08:59:07.044650
2591337,188764,2021-06-25 08:59:11.666824
2591331,186609,2021-06-25 08:59:16.201445
2591334,186609,2021-06-25 08:59:20.982118
2591326,186609,2021-06-25 08:59:25.572841
2590989,188988,2021-06-25 08:59:30.097590
2591319,188767,2021-06-25 08:59:35.106546
2591314,188988,2021-06-25 08:59:42.436735
2590986,188767,2021-06-25 08:59:47.343210
2591303,188988,2021-06-25 08:59:53.213175
2591263,188767,2021-06-25 08:59:57.921302
2591294,188989,2021-06-25 09:00:02.358336
2591253,188767,2021-06-25 09:00:08.044481
2591161,186614,2021-06-25 09:00:12.400438
2590795,188991,2021-06-25 09:00:16.717513
2590785,188991,2021-06-25 09:00:21.113398
2591126,188766,2021-06-25 09:00:25.585293
2591126,186612,2021-06-25 09:00:30.040703
2591124,186612,2021-06-25 09:00:34.497439
2591120,188763,2021-06-25 09:00:38.794519
2591107,186610,2021-06-25 09:00:43.217326
2591123,188763,2021-06-25 09:00:47.689273
2591098,186609,2021-06-25 09:00:52.294520
2591101,188762,2021-06-25 09:00:56.982919
2591141,188988,2021-06-25 09:01:01.405004
2590787,186609,2021-06-25 09:01:05.869154
2590781,188760,2021-06-25 09:01:10.366250
2590782,188760,2021-06-25 09:01:14.842050
2591133,188986,2021-06-25 09:01:19.322175
2590778,186607,2021-06-25 09:01:23.882473
2590814,186607,2021-06-25 09:01:28.450850
2590793,186607,2021-06-25 09:01:32.873876
2591141,186607,2021-06-25 09:01:37.178501
2590788,186606,2021-06-25 09:01:41.388877
2591116,188758,2021-06-25 09:01:45.654705
2590791,188758,2021-06-25 09:01:50.124123
2590782,188759,2021-06-25 09:01:54.469400
2590746,186605,2021-06-25 09:01:58.935392
2591111,188984,2021-06-25 09:02:03.422463
2590760,188983,2021-06-25 09:02:07.981883
2591088,188983,2021-06-25 09:02:12.335002
2590746,186604,2021-06-25 09:02:16.700404
2591090,188761,2021-06-25 09:02:20.998809
2590743,188983,2021-06-25 09:02:25.425946
2591081,188759,2021-06-25 09:02:29.853909
2590722,188757,2021-06-25 09:02:34.291235
2591074,188981,2021-06-25 09:02:38.669447
2590749,186602,2021-06-25 09:02:42.988173
2590716,188758,2021-06-25 09:02:47.863402
2591069,186604,2021-06-25 09:02:52.191735
